"symboling","make","fuel.type","aspiration","num.of.doors","body.style","drive.wheels","engine.location","wheel.base","length","width","height","curb.weight","engine.type","num.of.cylinders","engine.size","fuel.system","bore","stroke","compression.ratio","horsepower","peak.rpm","city.mpg","highway.mpg","price","log_price"
3,"alfa-romero","gas","std","two","hardtop_convert","rwd","front",88.6,168.8,64.1,48.8,2548,"dohc","three_four",130,"mpfi",3.47,2.68,9,111,5000,21,27,13495,9.5100745254521
3,"alfa-romero","gas","std","two","hardtop_convert","rwd","front",88.6,168.8,64.1,48.8,2548,"dohc","three_four",130,"mpfi",3.47,2.68,9,111,5000,21,27,16500,9.71111565988867
1,"alfa-romero","gas","std","two","hatchback","rwd","front",94.5,171.2,65.5,52.4,2823,"ohcv","five_six",152,"mpfi",2.68,3.47,9,154,5000,19,26,16500,9.71111565988867
2,"audi","gas","std","four","sedan","fwd","front",99.8,176.6,66.2,54.3,2337,"ohc","three_four",109,"mpfi",3.19,3.4,10,102,5500,24,30,13950,9.54323478724951
2,"audi","gas","std","four","sedan","4wd","front",99.4,176.6,66.4,54.3,2824,"ohc","five_six",136,"mpfi",3.19,3.4,8,115,5500,18,22,17450,9.76709492763057
2,"audi","gas","std","two","sedan","fwd","front",99.8,177.3,66.3,53.1,2507,"ohc","five_six",136,"mpfi",3.19,3.4,8.5,110,5500,19,25,15250,9.63233478203556
1,"audi","gas","std","four","sedan","fwd","front",105.8,192.7,71.4,55.7,2844,"ohc","five_six",136,"mpfi",3.19,3.4,8.5,110,5500,19,25,17710,9.78188473077688
1,"audi","gas","std","four","wagon","fwd","front",105.8,192.7,71.4,55.7,2954,"ohc","five_six",136,"mpfi",3.19,3.4,8.5,110,5500,19,25,18920,9.84797484260587
1,"audi","gas","turbo","four","sedan","fwd","front",105.8,192.7,71.4,55.9,3086,"ohc","five_six",131,"mpfi",3.13,3.4,8.3,140,5500,17,20,23875,10.0805871653489
2,"bmw","gas","std","two","sedan","rwd","front",101.2,176.8,64.8,54.3,2395,"ohc","three_four",108,"mpfi",3.5,2.8,8.8,101,5800,23,29,16430,9.70686421103131
0,"bmw","gas","std","four","sedan","rwd","front",101.2,176.8,64.8,54.3,2395,"ohc","three_four",108,"mpfi",3.5,2.8,8.8,101,5800,23,29,16925,9.73654709778048
0,"bmw","gas","std","two","sedan","rwd","front",101.2,176.8,64.8,54.3,2710,"ohc","five_six",164,"mpfi",3.31,3.19,9,121,4250,21,28,20970,9.95084812389597
0,"bmw","gas","std","four","sedan","rwd","front",101.2,176.8,64.8,54.3,2765,"ohc","five_six",164,"mpfi",3.31,3.19,9,121,4250,21,28,21105,9.9572652582166
1,"bmw","gas","std","four","sedan","rwd","front",103.5,189,66.9,55.7,3055,"ohc","five_six",164,"mpfi",3.31,3.19,9,121,4250,20,25,24565,10.1090779446027
0,"bmw","gas","std","four","sedan","rwd","front",103.5,189,66.9,55.7,3230,"ohc","five_six",209,"mpfi",3.62,3.39,8,182,5400,16,22,30760,10.3339704236196
0,"bmw","gas","std","two","sedan","rwd","front",103.5,193.8,67.9,53.7,3380,"ohc","five_six",209,"mpfi",3.62,3.39,8,182,5400,16,22,41315,10.6289809091353
0,"bmw","gas","std","four","sedan","rwd","front",110,197,70.9,56.3,3505,"ohc","five_six",209,"mpfi",3.62,3.39,8,182,5400,15,20,36880,10.5154246776705
2,"chevrolet","gas","std","two","hatchback","fwd","front",88.4,141.1,60.3,53.2,1488,"l","three_four",61,"2bbl",2.91,3.03,9.5,48,5100,47,53,5151,8.54694614956558
1,"chevrolet","gas","std","two","hatchback","fwd","front",94.5,155.9,63.6,52,1874,"ohc","three_four",90,"2bbl",3.03,3.11,9.6,70,5400,38,43,6295,8.74751094647845
0,"chevrolet","gas","std","four","sedan","fwd","front",94.5,158.8,63.6,52,1909,"ohc","three_four",90,"2bbl",3.03,3.11,9.6,70,5400,38,43,6575,8.79102985704596
1,"dodge","gas","std","two","hatchback","fwd","front",93.7,157.3,63.8,50.8,1876,"ohc","three_four",90,"2bbl",2.97,3.23,9.41,68,5500,37,41,5572,8.6255093348997
1,"dodge","gas","std","two","hatchback","fwd","front",93.7,157.3,63.8,50.8,1876,"ohc","three_four",90,"2bbl",2.97,3.23,9.4,68,5500,31,38,6377,8.76045304631527
1,"dodge","gas","turbo","two","hatchback","fwd","front",93.7,157.3,63.8,50.8,2128,"ohc","three_four",98,"mpfi",3.03,3.39,7.6,102,5500,24,30,7957,8.98180732337753
1,"dodge","gas","std","four","hatchback","fwd","front",93.7,157.3,63.8,50.6,1967,"ohc","three_four",90,"2bbl",2.97,3.23,9.4,68,5500,31,38,6229,8.73697108525415
1,"dodge","gas","std","four","sedan","fwd","front",93.7,157.3,63.8,50.6,1989,"ohc","three_four",90,"2bbl",2.97,3.23,9.4,68,5500,31,38,6692,8.80866806210672
1,"dodge","gas","std","four","sedan","fwd","front",93.7,157.3,63.8,50.6,1989,"ohc","three_four",90,"2bbl",2.97,3.23,9.4,68,5500,31,38,7609,8.93708703617652
1,"dodge","gas","turbo","?","sedan","fwd","front",93.7,157.3,63.8,50.6,2191,"ohc","three_four",98,"mpfi",3.03,3.39,7.6,102,5500,24,30,8558,9.05462179697676
-1,"dodge","gas","std","four","wagon","fwd","front",103.3,174.6,64.6,59.8,2535,"ohc","three_four",122,"2bbl",3.34,3.46,8.5,88,5000,24,30,8921,9.09616332691378
3,"dodge","gas","turbo","two","hatchback","fwd","front",95.9,173.2,66.3,50.2,2811,"ohc","three_four",156,"mfi",3.6,3.9,7,145,5000,19,24,12964,9.46993156426144
2,"honda","gas","std","two","hatchback","fwd","front",86.6,144.6,63.9,50.8,1713,"ohc","three_four",92,"1bbl",2.91,3.41,9.6,58,4800,49,54,6479,8.77632145644996
2,"honda","gas","std","two","hatchback","fwd","front",86.6,144.6,63.9,50.8,1819,"ohc","three_four",92,"1bbl",2.91,3.41,9.2,76,6000,31,38,6855,8.83273359199642
1,"honda","gas","std","two","hatchback","fwd","front",93.7,150,64,52.6,1837,"ohc","three_four",79,"1bbl",2.91,3.07,10.1,60,5500,38,42,5399,8.59396903021829
1,"honda","gas","std","two","hatchback","fwd","front",93.7,150,64,52.6,1940,"ohc","three_four",92,"1bbl",2.91,3.41,9.2,76,6000,30,34,6529,8.78400907118663
1,"honda","gas","std","two","hatchback","fwd","front",93.7,150,64,52.6,1956,"ohc","three_four",92,"1bbl",2.91,3.41,9.2,76,6000,30,34,7129,8.87192625111763
0,"honda","gas","std","four","sedan","fwd","front",96.5,163.4,64,54.5,2010,"ohc","three_four",92,"1bbl",2.91,3.41,9.2,76,6000,30,34,7295,8.89494446095689
0,"honda","gas","std","four","wagon","fwd","front",96.5,157.1,63.9,58.3,2024,"ohc","three_four",92,"1bbl",2.92,3.41,9.2,76,6000,30,34,7295,8.89494446095689
0,"honda","gas","std","two","hatchback","fwd","front",96.5,167.5,65.2,53.3,2236,"ohc","three_four",110,"1bbl",3.15,3.58,9,86,5800,27,33,7895,8.97398492668974
0,"honda","gas","std","two","hatchback","fwd","front",96.5,167.5,65.2,53.3,2289,"ohc","three_four",110,"1bbl",3.15,3.58,9,86,5800,27,33,9095,9.11548009095222
0,"honda","gas","std","four","sedan","fwd","front",96.5,175.4,65.2,54.1,2304,"ohc","three_four",110,"1bbl",3.15,3.58,9,86,5800,27,33,8845,9.08760760659389
0,"honda","gas","std","four","sedan","fwd","front",96.5,175.4,62.5,54.1,2372,"ohc","three_four",110,"1bbl",3.15,3.58,9,86,5800,27,33,10295,9.23941361946189
0,"honda","gas","std","four","sedan","fwd","front",96.5,175.4,65.2,54.1,2465,"ohc","three_four",110,"mpfi",3.15,3.58,9,101,5800,24,28,12945,9.46846489218564
1,"honda","gas","std","two","sedan","fwd","front",96.5,169.1,66,51,2293,"ohc","three_four",110,"2bbl",3.15,3.58,9.1,100,5500,25,31,10345,9.24425859017964
0,"isuzu","gas","std","four","sedan","rwd","front",94.3,170.7,61.8,53.5,2337,"ohc","three_four",111,"2bbl",3.31,3.23,8.5,78,4800,24,29,6785,8.82246957226897
2,"isuzu","gas","std","two","hatchback","rwd","front",96,172.6,65.2,51.4,2734,"ohc","three_four",119,"spfi",3.43,3.23,9.2,90,5000,24,29,11048,9.31000469508913
0,"jaguar","gas","std","four","sedan","rwd","front",113,199.6,69.6,52.8,4066,"dohc","five_six",258,"mpfi",3.63,4.17,8.1,176,4750,15,19,32250,10.3812733222239
0,"jaguar","gas","std","four","sedan","rwd","front",113,199.6,69.6,52.8,4066,"dohc","five_six",258,"mpfi",3.63,4.17,8.1,176,4750,15,19,35550,10.4786954352314
0,"jaguar","gas","std","two","sedan","rwd","front",102,191.7,70.6,47.8,3950,"ohcv","eight_twelve",326,"mpfi",3.54,2.76,11.5,262,5000,13,17,36000,10.4912742174382
1,"mazda","gas","std","two","hatchback","fwd","front",93.1,159.1,64.2,54.1,1890,"ohc","three_four",91,"2bbl",3.03,3.15,9,68,5000,30,31,5195,8.55545190353333
1,"mazda","gas","std","two","hatchback","fwd","front",93.1,159.1,64.2,54.1,1900,"ohc","three_four",91,"2bbl",3.03,3.15,9,68,5000,31,38,6095,8.71522404191537
1,"mazda","gas","std","two","hatchback","fwd","front",93.1,159.1,64.2,54.1,1905,"ohc","three_four",91,"2bbl",3.03,3.15,9,68,5000,31,38,6795,8.82394232658524
1,"mazda","gas","std","four","sedan","fwd","front",93.1,166.8,64.2,54.1,1945,"ohc","three_four",91,"2bbl",3.03,3.15,9,68,5000,31,38,6695,8.80911625812527
1,"mazda","gas","std","four","sedan","fwd","front",93.1,166.8,64.2,54.1,1950,"ohc","three_four",91,"2bbl",3.08,3.15,9,68,5000,31,38,7395,8.9085593751449
1,"mazda","gas","std","two","hatchback","fwd","front",98.8,177.8,66.5,53.7,2385,"ohc","three_four",122,"2bbl",3.39,3.39,8.6,84,4800,26,32,8845,9.08760760659389
0,"mazda","gas","std","four","sedan","fwd","front",98.8,177.8,66.5,55.5,2410,"ohc","three_four",122,"2bbl",3.39,3.39,8.6,84,4800,26,32,8495,9.04723303410603
1,"mazda","gas","std","two","hatchback","fwd","front",98.8,177.8,66.5,53.7,2385,"ohc","three_four",122,"2bbl",3.39,3.39,8.6,84,4800,26,32,10595,9.2681374707024
0,"mazda","gas","std","four","sedan","fwd","front",98.8,177.8,66.5,55.5,2410,"ohc","three_four",122,"2bbl",3.39,3.39,8.6,84,4800,26,32,10245,9.234545060673
0,"mazda","diesel","std","?","sedan","fwd","front",98.8,177.8,66.5,55.5,2443,"ohc","three_four",122,"idi",3.39,3.39,22.7,64,4650,36,42,10795,9.28683834294891
0,"mazda","gas","std","four","hatchback","fwd","front",98.8,177.8,66.5,55.5,2425,"ohc","three_four",122,"2bbl",3.39,3.39,8.6,84,4800,26,32,11245,9.32767886439342
0,"mazda","gas","std","four","sedan","rwd","front",104.9,175,66.1,54.4,2670,"ohc","three_four",140,"mpfi",3.76,3.16,8,120,5000,19,27,18280,9.81356284500814
0,"mazda","diesel","std","four","sedan","rwd","front",104.9,175,66.1,54.4,2700,"ohc","three_four",134,"idi",3.43,3.64,22,72,4200,31,39,18344,9.81705782453774
-1,"mercedes-benz","diesel","turbo","four","sedan","rwd","front",110,190.9,70.3,56.5,3515,"ohc","five_six",183,"idi",3.58,3.64,21.5,123,4350,22,25,25552,10.1484708704548
-1,"mercedes-benz","diesel","turbo","four","wagon","rwd","front",110,190.9,70.3,58.7,3750,"ohc","five_six",183,"idi",3.58,3.64,21.5,123,4350,22,25,28248,10.2487779376082
0,"mercedes-benz","diesel","turbo","two","hardtop_convert","rwd","front",106.7,187.5,70.3,54.9,3495,"ohc","five_six",183,"idi",3.58,3.64,21.5,123,4350,22,25,28176,10.246225830736
-1,"mercedes-benz","diesel","turbo","four","sedan","rwd","front",115.6,202.6,71.7,56.3,3770,"ohc","five_six",183,"idi",3.58,3.64,21.5,123,4350,22,25,31600,10.360912399575
-1,"mercedes-benz","gas","std","four","sedan","rwd","front",115.6,202.6,71.7,56.5,3740,"ohcv","eight_twelve",234,"mpfi",3.46,3.1,8.3,155,4750,16,18,34184,10.4395129773239
3,"mercedes-benz","gas","std","two","hardtop_convert","rwd","front",96.6,180.3,70.5,50.8,3685,"ohcv","eight_twelve",234,"mpfi",3.46,3.1,8.3,155,4750,16,18,35056,10.4647020618352
0,"mercedes-benz","gas","std","four","sedan","rwd","front",120.9,208.1,71.7,56.7,3900,"ohcv","eight_twelve",308,"mpfi",3.8,3.35,8,184,4500,14,16,40960,10.6203512597134
1,"mercedes-benz","gas","std","two","hardtop_convert","rwd","front",112,199.2,72,55.4,3715,"ohcv","eight_twelve",304,"mpfi",3.8,3.35,8,184,4500,14,16,45400,10.7232673840294
1,"mercury","gas","turbo","two","hatchback","rwd","front",102.7,178.4,68,54.8,2910,"ohc","three_four",140,"mpfi",3.78,3.12,8,175,5000,19,24,16503,9.71129746154357
2,"mitsubishi","gas","std","two","hatchback","fwd","front",93.7,157.3,64.4,50.8,1918,"ohc","three_four",92,"2bbl",2.97,3.23,9.4,68,5500,37,41,5389,8.5921151179335
2,"mitsubishi","gas","std","two","hatchback","fwd","front",93.7,157.3,64.4,50.8,1944,"ohc","three_four",92,"2bbl",2.97,3.23,9.4,68,5500,31,38,6189,8.73052880173936
2,"mitsubishi","gas","std","two","hatchback","fwd","front",93.7,157.3,64.4,50.8,2004,"ohc","three_four",92,"2bbl",2.97,3.23,9.4,68,5500,31,38,6669,8.80522520263231
1,"mitsubishi","gas","turbo","two","hatchback","fwd","front",93,157.3,63.8,50.8,2145,"ohc","three_four",98,"spdi",3.03,3.39,7.6,102,5500,24,30,7689,8.94754601503218
3,"mitsubishi","gas","turbo","two","hatchback","fwd","front",96.3,173,65.4,49.4,2370,"ohc","three_four",110,"spdi",3.17,3.46,7.5,116,5500,23,30,9959,9.20623194393164
3,"mitsubishi","gas","std","two","hatchback","fwd","front",96.3,173,65.4,49.4,2328,"ohc","three_four",122,"2bbl",3.35,3.46,8.5,88,5000,25,32,8499,9.04770378849863
3,"mitsubishi","gas","turbo","two","hatchback","fwd","front",95.9,173.2,66.3,50.2,2833,"ohc","three_four",156,"spdi",3.58,3.86,7,145,5000,19,24,12629,9.44375103564617
3,"mitsubishi","gas","turbo","two","hatchback","fwd","front",95.9,173.2,66.3,50.2,2921,"ohc","three_four",156,"spdi",3.59,3.86,7,145,5000,19,24,14869,9.60703378769722
3,"mitsubishi","gas","turbo","two","hatchback","fwd","front",95.9,173.2,66.3,50.2,2926,"ohc","three_four",156,"spdi",3.59,3.86,7,145,5000,19,24,14489,9.58114501982072
1,"mitsubishi","gas","std","four","sedan","fwd","front",96.3,172.4,65.4,51.6,2365,"ohc","three_four",122,"2bbl",3.35,3.46,8.5,88,5000,25,32,6989,8.85209276347713
1,"mitsubishi","gas","std","four","sedan","fwd","front",96.3,172.4,65.4,51.6,2405,"ohc","three_four",122,"2bbl",3.35,3.46,8.5,88,5000,25,32,8189,9.01054706927019
1,"mitsubishi","gas","turbo","four","sedan","fwd","front",96.3,172.4,65.4,51.6,2403,"ohc","three_four",110,"spdi",3.17,3.46,7.5,116,5500,23,30,9279,9.13550906135318
-1,"mitsubishi","gas","std","four","sedan","fwd","front",96.3,172.4,65.4,51.6,2403,"ohc","three_four",110,"spdi",3.17,3.46,7.5,116,5500,23,30,9279,9.13550906135318
1,"nissan","gas","std","two","sedan","fwd","front",94.5,165.3,63.8,54.5,1889,"ohc","three_four",97,"2bbl",3.15,3.29,9.4,69,5200,31,37,5499,8.61232153650781
1,"nissan","diesel","std","two","sedan","fwd","front",94.5,165.3,63.8,54.5,2017,"ohc","three_four",103,"idi",2.99,3.47,21.9,55,4800,45,50,7099,8.86770920803939
1,"nissan","gas","std","two","sedan","fwd","front",94.5,165.3,63.8,54.5,1918,"ohc","three_four",97,"2bbl",3.15,3.29,9.4,69,5200,31,37,6649,8.80222174640246
1,"nissan","gas","std","four","sedan","fwd","front",94.5,165.3,63.8,54.5,1938,"ohc","three_four",97,"2bbl",3.15,3.29,9.4,69,5200,31,37,6849,8.83185793519791
1,"nissan","gas","std","four","wagon","fwd","front",94.5,170.2,63.8,53.5,2024,"ohc","three_four",97,"2bbl",3.15,3.29,9.4,69,5200,31,37,7349,8.90231952852887
1,"nissan","gas","std","two","sedan","fwd","front",94.5,165.3,63.8,54.5,1951,"ohc","three_four",97,"2bbl",3.15,3.29,9.4,69,5200,31,37,7299,8.89549263145163
1,"nissan","gas","std","two","hatchback","fwd","front",94.5,165.6,63.8,53.3,2028,"ohc","three_four",97,"2bbl",3.15,3.29,9.4,69,5200,31,37,7799,8.9617507993305
1,"nissan","gas","std","four","sedan","fwd","front",94.5,165.3,63.8,54.5,1971,"ohc","three_four",97,"2bbl",3.15,3.29,9.4,69,5200,31,37,7499,8.92252495730139
1,"nissan","gas","std","four","wagon","fwd","front",94.5,170.2,63.8,53.5,2037,"ohc","three_four",97,"2bbl",3.15,3.29,9.4,69,5200,31,37,7999,8.98707181284882
2,"nissan","gas","std","two","hardtop_convert","fwd","front",95.1,162.4,63.8,53.3,2008,"ohc","three_four",97,"2bbl",3.15,3.29,9.4,69,5200,31,37,8249,9.01784725986073
0,"nissan","gas","std","four","hatchback","fwd","front",97.2,173.4,65.2,54.7,2324,"ohc","three_four",120,"2bbl",3.33,3.47,8.5,97,5200,27,34,8949,9.09929707318286
0,"nissan","gas","std","four","sedan","fwd","front",97.2,173.4,65.2,54.7,2302,"ohc","three_four",120,"2bbl",3.33,3.47,8.5,97,5200,27,34,9549,9.1641917159502
0,"nissan","gas","std","four","sedan","fwd","front",100.4,181.7,66.5,55.1,3095,"ohcv","five_six",181,"mpfi",3.43,3.27,9,152,5200,17,22,13499,9.51037088760883
0,"nissan","gas","std","four","wagon","fwd","front",100.4,184.6,66.5,56.1,3296,"ohcv","five_six",181,"mpfi",3.43,3.27,9,152,5200,17,22,14399,9.57491403870827
0,"nissan","gas","std","four","sedan","fwd","front",100.4,184.6,66.5,55.1,3060,"ohcv","five_six",181,"mpfi",3.43,3.27,9,152,5200,19,25,13499,9.51037088760883
3,"nissan","gas","std","two","hatchback","rwd","front",91.3,170.7,67.9,49.7,3071,"ohcv","five_six",181,"mpfi",3.43,3.27,9,160,5200,19,25,17199,9.75260652157649
3,"nissan","gas","turbo","two","hatchback","rwd","front",91.3,170.7,67.9,49.7,3139,"ohcv","five_six",181,"mpfi",3.43,3.27,7.8,200,5200,17,23,19699,9.88832315201635
1,"nissan","gas","std","two","hatchback","rwd","front",99.2,178.5,67.9,49.7,3139,"ohcv","five_six",181,"mpfi",3.43,3.27,9,160,5200,19,25,18399,9.82005159429409
0,"peugot","gas","std","four","sedan","rwd","front",107.9,186.7,68.4,56.7,3020,"l","three_four",120,"mpfi",3.46,3.19,8.4,97,5000,19,24,11900,9.38429367909962
0,"peugot","diesel","turbo","four","sedan","rwd","front",107.9,186.7,68.4,56.7,3197,"l","three_four",152,"idi",3.7,3.52,21,95,4150,28,33,13200,9.48797210857446
0,"peugot","gas","std","four","wagon","rwd","front",114.2,198.9,68.4,58.7,3230,"l","three_four",120,"mpfi",3.46,3.19,8.4,97,5000,19,24,12440,9.42867236629317
0,"peugot","diesel","turbo","four","wagon","rwd","front",114.2,198.9,68.4,58.7,3430,"l","three_four",152,"idi",3.7,3.52,21,95,4150,25,25,13860,9.53676227274389
0,"peugot","gas","std","four","sedan","rwd","front",107.9,186.7,68.4,56.7,3075,"l","three_four",120,"mpfi",3.46,2.19,8.4,95,5000,19,24,15580,9.65374331942474
0,"peugot","diesel","turbo","four","sedan","rwd","front",107.9,186.7,68.4,56.7,3252,"l","three_four",152,"idi",3.7,3.52,21,95,4150,28,33,16900,9.73506890091116
0,"peugot","gas","std","four","wagon","rwd","front",114.2,198.9,68.4,56.7,3285,"l","three_four",120,"mpfi",3.46,2.19,8.4,95,5000,19,24,16695,9.72286455237776
0,"peugot","diesel","turbo","four","wagon","rwd","front",114.2,198.9,68.4,58.7,3485,"l","three_four",152,"idi",3.7,3.52,21,95,4150,25,25,17075,9.74537068443899
0,"peugot","gas","std","four","sedan","rwd","front",107.9,186.7,68.4,56.7,3075,"l","three_four",120,"mpfi",3.46,3.19,8.4,97,5000,19,24,16630,9.71896357218697
0,"peugot","diesel","turbo","four","sedan","rwd","front",107.9,186.7,68.4,56.7,3252,"l","three_four",152,"idi",3.7,3.52,21,95,4150,28,33,17950,9.79534539391642
0,"peugot","gas","turbo","four","sedan","rwd","front",108,186.7,68.3,56,3130,"l","three_four",134,"mpfi",3.61,3.21,7,142,5600,18,24,18150,9.806425839693
1,"plymouth","gas","std","two","hatchback","fwd","front",93.7,157.3,63.8,50.8,1918,"ohc","three_four",90,"2bbl",2.97,3.23,9.4,68,5500,37,41,5572,8.6255093348997
1,"plymouth","gas","turbo","two","hatchback","fwd","front",93.7,157.3,63.8,50.8,2128,"ohc","three_four",98,"spdi",3.03,3.39,7.6,102,5500,24,30,7957,8.98180732337753
1,"plymouth","gas","std","four","hatchback","fwd","front",93.7,157.3,63.8,50.6,1967,"ohc","three_four",90,"2bbl",2.97,3.23,9.4,68,5500,31,38,6229,8.73697108525415
1,"plymouth","gas","std","four","sedan","fwd","front",93.7,167.3,63.8,50.8,1989,"ohc","three_four",90,"2bbl",2.97,3.23,9.4,68,5500,31,38,6692,8.80866806210672
1,"plymouth","gas","std","four","sedan","fwd","front",93.7,167.3,63.8,50.8,2191,"ohc","three_four",98,"2bbl",2.97,3.23,9.4,68,5500,31,38,7609,8.93708703617652
-1,"plymouth","gas","std","four","wagon","fwd","front",103.3,174.6,64.6,59.8,2535,"ohc","three_four",122,"2bbl",3.35,3.46,8.5,88,5000,24,30,8921,9.09616332691378
3,"plymouth","gas","turbo","two","hatchback","rwd","front",95.9,173.2,66.3,50.2,2818,"ohc","three_four",156,"spdi",3.59,3.86,7,145,5000,19,24,12764,9.45438398739813
3,"porsche","gas","std","two","hatchback","rwd","front",94.5,168.9,68.3,50.2,2778,"ohc","three_four",151,"mpfi",3.94,3.11,9.5,143,5500,19,27,22018,9.99961557963035
3,"porsche","gas","std","two","hardtop_convert","rwd","rear",89.5,168.9,65,51.6,2756,"ohcf","five_six",194,"mpfi",3.74,2.9,9.5,207,5900,17,25,32528,10.3898565358681
3,"porsche","gas","std","two","hardtop_convert","rwd","rear",89.5,168.9,65,51.6,2756,"ohcf","five_six",194,"mpfi",3.74,2.9,9.5,207,5900,17,25,34028,10.4349389940958
3,"porsche","gas","std","two","hardtop_convert","rwd","rear",89.5,168.9,65,51.6,2800,"ohcf","five_six",194,"mpfi",3.74,2.9,9.5,207,5900,17,25,37028,10.5194296621871
3,"saab","gas","std","two","hatchback","fwd","front",99.1,186.6,66.5,56.1,2658,"ohc","three_four",121,"mpfi",3.54,3.07,9.31,110,5250,21,28,11850,9.38008314656328
2,"saab","gas","std","four","sedan","fwd","front",99.1,186.6,66.5,56.1,2695,"ohc","three_four",121,"mpfi",3.54,3.07,9.3,110,5250,21,28,12170,9.40672918598157
3,"saab","gas","std","two","hatchback","fwd","front",99.1,186.6,66.5,56.1,2707,"ohc","three_four",121,"mpfi",2.54,2.07,9.3,110,5250,21,28,15040,9.61846859750383
2,"saab","gas","std","four","sedan","fwd","front",99.1,186.6,66.5,56.1,2758,"ohc","three_four",121,"mpfi",3.54,3.07,9.3,110,5250,21,28,15510,9.64924025617058
3,"saab","gas","turbo","two","hatchback","fwd","front",99.1,186.6,66.5,56.1,2808,"dohc","three_four",121,"mpfi",3.54,3.07,9,160,5500,19,26,18150,9.806425839693
2,"saab","gas","turbo","four","sedan","fwd","front",99.1,186.6,66.5,56.1,2847,"dohc","three_four",121,"mpfi",3.54,3.07,9,160,5500,19,26,18620,9.83199155083106
2,"subaru","gas","std","two","hatchback","fwd","front",93.7,156.9,63.4,53.7,2050,"ohcf","three_four",97,"2bbl",3.62,2.36,9,69,4900,31,36,5118,8.54051901671973
2,"subaru","gas","std","two","hatchback","fwd","front",93.7,157.9,63.6,53.7,2120,"ohcf","three_four",108,"2bbl",3.62,2.64,8.7,73,4400,26,31,7053,8.86120833720818
2,"subaru","gas","std","two","hatchback","4wd","front",93.3,157.3,63.8,55.7,2240,"ohcf","three_four",108,"2bbl",3.62,2.64,8.7,73,4400,26,31,7603,8.93629818522844
0,"subaru","gas","std","four","sedan","fwd","front",97.2,172,65.4,52.5,2145,"ohcf","three_four",108,"2bbl",3.62,2.64,9.5,82,4800,32,37,7126,8.87150534616578
0,"subaru","gas","std","four","sedan","fwd","front",97.2,172,65.4,52.5,2190,"ohcf","three_four",108,"2bbl",3.62,2.64,9.5,82,4400,28,33,7775,8.95866873704743
0,"subaru","gas","std","four","sedan","fwd","front",97.2,172,65.4,52.5,2340,"ohcf","three_four",108,"mpfi",3.62,2.64,9,94,5200,26,32,9960,9.20633235057864
0,"subaru","gas","std","four","sedan","4wd","front",97,172,65.4,54.3,2385,"ohcf","three_four",108,"2bbl",3.62,2.64,9,82,4800,24,25,9233,9.13053930177263
0,"subaru","gas","turbo","four","sedan","4wd","front",97,172,65.4,54.3,2510,"ohcf","three_four",108,"mpfi",3.62,2.64,7.7,111,4800,24,29,11259,9.32892308780313
0,"subaru","gas","std","four","wagon","fwd","front",97,173.5,65.4,53,2290,"ohcf","three_four",108,"2bbl",3.62,2.64,9,82,4800,28,32,7463,8.91771275713139
0,"subaru","gas","std","four","wagon","fwd","front",97,173.5,65.4,53,2455,"ohcf","three_four",108,"mpfi",3.62,2.64,9,94,5200,25,31,10198,9.2299469016151
0,"subaru","gas","std","four","wagon","4wd","front",96.9,173.6,65.4,54.9,2420,"ohcf","three_four",108,"2bbl",3.62,2.64,9,82,4800,23,29,8013,8.98882050177807
0,"subaru","gas","turbo","four","wagon","4wd","front",96.9,173.6,65.4,54.9,2650,"ohcf","three_four",108,"mpfi",3.62,2.64,7.7,111,4800,23,23,11694,9.36683116873562
1,"toyota","gas","std","two","hatchback","fwd","front",95.7,158.7,63.6,54.5,1985,"ohc","three_four",92,"2bbl",3.05,3.03,9,62,4800,35,39,5348,8.58447793822183
1,"toyota","gas","std","two","hatchback","fwd","front",95.7,158.7,63.6,54.5,2040,"ohc","three_four",92,"2bbl",3.05,3.03,9,62,4800,31,38,6338,8.75431854025087
1,"toyota","gas","std","four","hatchback","fwd","front",95.7,158.7,63.6,54.5,2015,"ohc","three_four",92,"2bbl",3.05,3.03,9,62,4800,31,38,6488,8.77770959579525
0,"toyota","gas","std","four","wagon","fwd","front",95.7,169.7,63.6,59.1,2280,"ohc","three_four",92,"2bbl",3.05,3.03,9,62,4800,31,37,6918,8.84188198949711
0,"toyota","gas","std","four","wagon","4wd","front",95.7,169.7,63.6,59.1,2290,"ohc","three_four",92,"2bbl",3.05,3.03,9,62,4800,27,32,7898,8.9743648418466
0,"toyota","gas","std","four","wagon","4wd","front",95.7,169.7,63.6,59.1,3110,"ohc","three_four",92,"2bbl",3.05,3.03,9,62,4800,27,32,8778,9.08000387024818
0,"toyota","gas","std","four","sedan","fwd","front",95.7,166.3,64.4,53,2081,"ohc","three_four",98,"2bbl",3.19,3.03,9,70,4800,30,37,6938,8.84476882752969
0,"toyota","gas","std","four","hatchback","fwd","front",95.7,166.3,64.4,52.8,2109,"ohc","three_four",98,"2bbl",3.19,3.03,9,70,4800,30,37,7198,8.88155848863898
0,"toyota","diesel","std","four","sedan","fwd","front",95.7,166.3,64.4,53,2275,"ohc","three_four",110,"idi",3.27,3.35,22.5,56,4500,34,36,7898,8.9743648418466
0,"toyota","diesel","std","four","hatchback","fwd","front",95.7,166.3,64.4,52.8,2275,"ohc","three_four",110,"idi",3.27,3.35,22.5,56,4500,38,47,7788,8.96033936649209
0,"toyota","gas","std","four","sedan","fwd","front",95.7,166.3,64.4,53,2094,"ohc","three_four",98,"2bbl",3.19,3.03,9,70,4800,38,47,7738,8.95389853526046
0,"toyota","gas","std","four","hatchback","fwd","front",95.7,166.3,64.4,52.8,2122,"ohc","three_four",98,"2bbl",3.19,3.03,9,70,4800,28,34,8358,9.03097444300786
0,"toyota","gas","std","four","sedan","fwd","front",95.7,166.3,64.4,52.8,2140,"ohc","three_four",98,"2bbl",3.19,3.03,9,70,4800,28,34,9258,9.13324332159122
1,"toyota","gas","std","two","sedan","rwd","front",94.5,168.7,64,52.6,2169,"ohc","three_four",98,"2bbl",3.19,3.03,9,70,4800,29,34,8058,8.99442066575129
1,"toyota","gas","std","two","hatchback","rwd","front",94.5,168.7,64,52.6,2204,"ohc","three_four",98,"2bbl",3.19,3.03,9,70,4800,29,34,8238,9.01651287499603
1,"toyota","gas","std","two","sedan","rwd","front",94.5,168.7,64,52.6,2265,"dohc","three_four",98,"mpfi",3.24,3.08,9.4,112,6600,26,29,9298,9.13755460225053
1,"toyota","gas","std","two","hatchback","rwd","front",94.5,168.7,64,52.6,2300,"dohc","three_four",98,"mpfi",3.24,3.08,9.4,112,6600,26,29,9538,9.16303909885817
2,"toyota","gas","std","two","hardtop_convert","rwd","front",98.4,176.2,65.6,52,2540,"ohc","three_four",146,"mpfi",3.62,3.5,9.3,116,4800,24,30,8449,9.04180337015285
2,"toyota","gas","std","two","hardtop_convert","rwd","front",98.4,176.2,65.6,52,2536,"ohc","three_four",146,"mpfi",3.62,3.5,9.3,116,4800,24,30,9639,9.17357264778397
2,"toyota","gas","std","two","hatchback","rwd","front",98.4,176.2,65.6,52,2551,"ohc","three_four",146,"mpfi",3.62,3.5,9.3,116,4800,24,30,9989,9.20923976653215
2,"toyota","gas","std","two","hardtop_convert","rwd","front",98.4,176.2,65.6,52,2679,"ohc","three_four",146,"mpfi",3.62,3.5,9.3,116,4800,24,30,11199,9.32357976758269
2,"toyota","gas","std","two","hatchback","rwd","front",98.4,176.2,65.6,52,2714,"ohc","three_four",146,"mpfi",3.62,3.5,9.3,116,4800,24,30,11549,9.35435413211509
2,"toyota","gas","std","two","hardtop_convert","rwd","front",98.4,176.2,65.6,53,2975,"ohc","three_four",146,"mpfi",3.62,3.5,9.3,116,4800,24,30,17669,9.77956697061665
-1,"toyota","gas","std","four","sedan","fwd","front",102.4,175.6,66.5,54.9,2326,"ohc","three_four",122,"mpfi",3.31,3.54,8.7,92,4200,29,34,8948,9.09918532261002
-1,"toyota","diesel","turbo","four","sedan","fwd","front",102.4,175.6,66.5,54.9,2480,"ohc","three_four",110,"idi",3.27,3.35,22.5,73,4500,30,33,10698,9.2778120870912
-1,"toyota","gas","std","four","hatchback","fwd","front",102.4,175.6,66.5,53.9,2414,"ohc","three_four",122,"mpfi",3.31,3.54,8.7,92,4200,27,32,9988,9.20913965139966
-1,"toyota","gas","std","four","sedan","fwd","front",102.4,175.6,66.5,54.9,2414,"ohc","three_four",122,"mpfi",3.31,3.54,8.7,92,4200,27,32,10898,9.29633456514304
-1,"toyota","gas","std","four","hatchback","fwd","front",102.4,175.6,66.5,53.9,2458,"ohc","three_four",122,"mpfi",3.31,3.54,8.7,92,4200,27,32,11248,9.32794561405045
3,"toyota","gas","std","two","hatchback","rwd","front",102.9,183.5,67.7,52,2976,"dohc","five_six",171,"mpfi",3.27,3.35,9.3,161,5200,20,24,16558,9.71462464769875
3,"toyota","gas","std","two","hatchback","rwd","front",102.9,183.5,67.7,52,3016,"dohc","five_six",171,"mpfi",3.27,3.35,9.3,161,5200,19,24,15998,9.68021899340877
-1,"toyota","gas","std","four","sedan","rwd","front",104.5,187.8,66.5,54.1,3131,"dohc","five_six",171,"mpfi",3.27,3.35,9.2,156,5200,20,24,15690,9.66077884572708
-1,"toyota","gas","std","four","wagon","rwd","front",104.5,187.8,66.5,54.1,3151,"dohc","five_six",161,"mpfi",3.27,3.35,9.2,156,5200,19,24,15750,9.66459564425378
2,"volkswagen","diesel","std","two","sedan","fwd","front",97.3,171.7,65.5,55.7,2261,"ohc","three_four",97,"idi",3.01,3.4,23,52,4800,37,46,7775,8.95866873704743
2,"volkswagen","gas","std","two","sedan","fwd","front",97.3,171.7,65.5,55.7,2209,"ohc","three_four",109,"mpfi",3.19,3.4,9,85,5250,27,34,7975,8.98406692765304
2,"volkswagen","diesel","std","four","sedan","fwd","front",97.3,171.7,65.5,55.7,2264,"ohc","three_four",97,"idi",3.01,3.4,23,52,4800,37,46,7995,8.98657162526805
2,"volkswagen","gas","std","four","sedan","fwd","front",97.3,171.7,65.5,55.7,2212,"ohc","three_four",109,"mpfi",3.19,3.4,9,85,5250,27,34,8195,9.01127949117793
2,"volkswagen","gas","std","four","sedan","fwd","front",97.3,171.7,65.5,55.7,2275,"ohc","three_four",109,"mpfi",3.19,3.4,9,85,5250,27,34,8495,9.04723303410603
2,"volkswagen","diesel","turbo","four","sedan","fwd","front",97.3,171.7,65.5,55.7,2319,"ohc","three_four",97,"idi",3.01,3.4,23,68,4500,37,42,9495,9.15852062324639
2,"volkswagen","gas","std","four","sedan","fwd","front",97.3,171.7,65.5,55.7,2300,"ohc","three_four",109,"mpfi",3.19,3.4,10,100,5500,26,32,9995,9.2098402469345
3,"volkswagen","gas","std","two","hardtop_convert","fwd","front",94.5,159.3,64.2,55.6,2254,"ohc","three_four",109,"mpfi",3.19,3.4,8.5,90,5500,24,29,11595,9.35832924968963
3,"volkswagen","gas","std","two","hatchback","fwd","front",94.5,165.7,64,51.4,2221,"ohc","three_four",109,"mpfi",3.19,3.4,8.5,90,5500,24,29,9980,9.20833836930551
0,"volkswagen","gas","std","four","sedan","fwd","front",100.4,180.2,66.9,55.1,2661,"ohc","five_six",136,"mpfi",3.19,3.4,8.5,110,5500,19,24,13295,9.49514330367712
0,"volkswagen","diesel","turbo","four","sedan","fwd","front",100.4,180.2,66.9,55.1,2579,"ohc","three_four",97,"idi",3.01,3.4,23,68,4500,33,38,13845,9.53567943560506
0,"volkswagen","gas","std","four","wagon","fwd","front",100.4,183.1,66.9,55.1,2563,"ohc","three_four",109,"mpfi",3.19,3.4,9,88,5500,25,31,12290,9.41654120256008
-2,"volvo","gas","std","four","sedan","rwd","front",104.3,188.8,67.2,56.2,2912,"ohc","three_four",141,"mpfi",3.78,3.15,9.5,114,5400,23,28,12940,9.46807856805489
-1,"volvo","gas","std","four","wagon","rwd","front",104.3,188.8,67.2,57.5,3034,"ohc","three_four",141,"mpfi",3.78,3.15,9.5,114,5400,23,28,13415,9.50412876285973
-2,"volvo","gas","std","four","sedan","rwd","front",104.3,188.8,67.2,56.2,2935,"ohc","three_four",141,"mpfi",3.78,3.15,9.5,114,5400,24,28,15985,9.67940606149394
-1,"volvo","gas","std","four","wagon","rwd","front",104.3,188.8,67.2,57.5,3042,"ohc","three_four",141,"mpfi",3.78,3.15,9.5,114,5400,24,28,16515,9.71202433782489
-2,"volvo","gas","turbo","four","sedan","rwd","front",104.3,188.8,67.2,56.2,3045,"ohc","three_four",130,"mpfi",3.62,3.15,7.5,162,5100,17,22,18420,9.8211923098093
-1,"volvo","gas","turbo","four","wagon","rwd","front",104.3,188.8,67.2,57.5,3157,"ohc","three_four",130,"mpfi",3.62,3.15,7.5,162,5100,17,22,18950,9.84955921051057
-1,"volvo","gas","std","four","sedan","rwd","front",109.1,188.8,68.9,55.5,2952,"ohc","three_four",141,"mpfi",3.78,3.15,9.5,114,5400,23,28,16845,9.73180915584065
-1,"volvo","gas","turbo","four","sedan","rwd","front",109.1,188.8,68.8,55.5,3049,"ohc","three_four",141,"mpfi",3.78,3.15,8.7,160,5300,19,25,19045,9.8545598789127
-1,"volvo","gas","std","four","sedan","rwd","front",109.1,188.8,68.9,55.5,3012,"ohcv","five_six",173,"mpfi",3.58,2.87,8.8,134,5500,18,23,21485,9.9751102962091
-1,"volvo","diesel","turbo","four","sedan","rwd","front",109.1,188.8,68.9,55.5,3217,"ohc","five_six",145,"idi",3.01,3.4,23,106,4800,26,27,22470,10.0199363651794
-1,"volvo","gas","turbo","four","sedan","rwd","front",109.1,188.8,68.9,55.5,3062,"ohc","three_four",141,"mpfi",3.78,3.15,9.5,114,5400,19,25,22625,10.0268107685681
